Name,Interests
Alexa Hepburn,parent-child interaction
Alexa Hepburn,conversation analysis
Alexa Hepburn,discursive psychology
Alexa Hepburn,emotion in interaction
Brent Ruben,leadership
Brent Ruben,assessment
Brent Ruben,strategy
Brian Householder,assessment
Brian Householder,relational
Dajung Woo,collaboration
Dajung Woo,stakeholders
Dajung Woo,socialization
Dajung Woo,interorganizational relations
Erin Christie,microanalysis
Erin Christie,observation
Erin Christie,interviewing
Erin Christie,public speaking
Galina Bolden,social interaction
Galina Bolden,health
Galina Bolden,family
Galina Bolden,culture
Itzhak Yanovitzky,community engagement
Itzhak Yanovitzky,behavior change
Jeff Lane,inequality
Jeff Lane,urban
Jeff Lane,community
Jeff Lane,methods
Jen Theiss,romantic relationships
Jen Theiss,family
Jen Theiss,uncertainty
Jen Theiss,resilience
Katherine Ognyanova,networks
Katherine Ognyanova,media
Katherine Ognyanova,technology
Katherine Ognyanova,political communication
Katherine Ognyanova,misinformation
Kathryn Greene,interpersonal communication
Kathryn Greene,discolsure
Kathryn Greene,privacy
Kathryn Greene,engagement
Kristina Scharp,family communication
Kristina Scharp,health communication
Kristina Scharp,marginalized communities
Kristina Scharp,resisting oppression
Kristina Scharp,resilience
Kristina Scharp,coping
Lea Stewart,pedagogy
Lea Stewart,applied communication
Lisa Mikesell,mental health communication
Lisa Mikesell,community-based participatory research
Maria Venetis,resilience
Maria Venetis,disclosure
Mark Beal,public relations
Mark Beal,influencer marketing
Mark Beal,social media
Mark Beal,digital media
Mark Beal,metaverse marketing
Marya Doerfel,communities
Marya Doerfel,social networks
Marya Doerfel,resilience
Marya Doerfel,interorganizational relationships
Matthew Matsaganis,community
Matthew Matsaganis,resilience
Matthew Matsaganis,communication technology
Matthew Matsaganis,media
Matthew Weber,networks
Matthew Weber,media
Matthew Weber,data science
Matthew Weber,technology
Matthew Weber,community
,
Nick Linardopoulos,online learning
Nick Linardopoulos,political communication
Nick Linardopoulos,communication technologies in education
Nick Linardopoulos,technology
Rick Dool,organizational renewal
Rick Dool,organizational change
Rick Dool,strategic development
Sarah Shugars,network analysis
Sarah Shugars,social media
Sarah Shugars,technology
Sarah Shugars,political communication
Shawnika Hull,health inequities
Shawnika Hull,applied research
Sophia Fu,organizations
Sophia Fu,organizing
Sophia Fu,innovation
Sophia Fu,social impact
Sophia Fu,technology
Sophia Fu,networks
Yoni Rivera,health
Yoni Rivera,social media
Yoni Rivera,community engagement
Yoni Rivera,inequality
Yoni Rivera,cancer